sample,geno,exp
HG00367,A/G,28.96038
NA20768,A/G,20.24449
HG00361,A/A,31.32628
HG00135,A/A,34.11169
NA18870,G/G,18.25141
NA11993,A/A,32.89721
HG00256,A/G,31.48736
NA18498,A/A,47.64556
HG00327,G/G,17.67473
HG00115,A/G,33.85374
NA20806,A/G,16.29854
HG00278,A/G,19.7345
NA20585,A/A,30.71355
NA19137,A/G,13.96175
HG00235,A/A,25.44983
NA20798,A/A,34.24915
NA12546,G/G,18.55622
NA19116,A/A,35.15014
HG00381,A/G,18.40351
NA18488,G/G,23.10383
HG00259,A/G,34.21985
HG00177,A/G,23.32404
NA19214,G/G,30.94554
NA19247,A/A,24.54684
NA19098,A/G,23.18606
NA20589,A/G,18.15997
NA19207,A/A,49.39612
HG00112,G/G,21.14387
NA20518,G/G,18.39547
HG00335,A/A,28.20755
NA19119,G/G,12.02809
HG00247,G/G,17.44761
NA12155,A/G,28.0358
NA20771,A/G,30.6527
NA20758,G/G,29.82254
HG00121,A/G,20.51327
NA20759,A/A,28.56199
NA20816,A/G,29.72309
NA20542,A/G,22.50789
NA18511,A/G,31.68959
NA12249,G/G,23.01983
NA11830,A/G,28.76435
NA19159,A/G,35.85543
NA20778,A/G,37.62403
NA18908,A/G,20.54885
HG00320,G/G,13.4247
NA11843,G/G,22.65437
HG00105,A/A,51.51787
NA20588,G/G,11.07445
NA20510,G/G,28.35841
NA12342,A/G,31.04941
HG00249,A/G,18.94583
NA11894,A/A,38.10956
HG00240,A/G,32.29483
HG00132,A/A,31.13741
HG00118,G/G,28.79371
NA18520,G/G,27.08956
NA18508,A/G,27.81775
HG00353,A/G,19.89903
NA20792,A/G,48.0341
NA12234,G/G,16.11138
HG00377,A/A,39.12999
NA19143,A/G,27.90313
NA20787,A/G,36.47949
NA20513,A/G,20.03116
HG00243,A/G,29.65063
NA19172,A/A,32.44173
NA06994,A/G,34.92257
NA18510,A/G,16.71385
HG00337,A/G,16.68151
NA20503,A/G,25.71008
NA19152,G/G,26.61928
NA20761,G/G,30.18323
NA19235,A/G,11.60808
HG00382,A/G,19.30953
NA20544,A/A,34.0326
NA18923,G/G,19.4079
HG00313,A/G,20.4904
HG00238,G/G,19.52301
NA20754,A/G,22.37224
NA11918,A/G,15.20045
NA18868,A/A,36.27151
NA06986,A/G,20.07459
HG00263,A/G,35.42982
NA12058,G/G,26.56808
NA20507,A/G,19.10884
NA12777,A/G,24.81087
NA12144,A/G,33.22193
HG00129,G/G,17.34076
HG00123,A/G,33.40835
NA12814,A/G,22.38996
HG00183,G/G,10.74263
HG00109,G/G,16.66051
NA20505,A/G,31.31626
NA12273,A/G,9.36055
HG00174,A/A,26.10355
HG00324,A/A,19.48106
HG00365,A/G,23.17937
NA20520,A/A,38.77623
NA19189,A/G,30.63079
HG00155,A/G,19.1042
HG00111,A/A,40.82922
NA12827,A/G,25.70962
NA18517,G/G,29.0172
NA20801,G/G,20.69333
NA20529,G/G,21.15677
NA18909,A/G,38.34531
HG00173,A/G,19.03976
HG00349,G/G,18.58691
HG00234,G/G,19.04962
NA19248,G/G,22.81974
NA20810,A/A,46.50527
HG00255,A/G,28.8177
NA12813,G/G,32.01142
NA20537,G/G,21.12823
NA18912,A/G,42.75662
HG00332,G/G,18.61268
HG00152,G/G,19.37093
NA20783,G/G,31.42162
NA12154,A/G,25.61662
HG00236,A/A,33.0732
NA19146,A/A,25.47283
HG00312,A/G,26.48467
HG00148,A/G,28.02486
HG00364,A/G,24.23377
HG00311,A/G,21.03717
NA11881,A/A,29.50655
HG00185,G/G,16.67764
NA20807,A/G,33.51752
NA19184,A/G,20.73493
HG00133,A/G,33.5565
NA20531,G/G,19.08659
NA19138,A/A,27.48438
NA19206,A/G,36.62034
HG00277,G/G,21.55001
NA18858,A/G,40.06318
HG00375,A/G,33.92744
HG00127,A/G,21.02084
NA19099,A/G,29.95687
HG00336,G/G,8.29591
HG00097,A/G,25.80393
HG00267,A/G,21.49924
NA20581,G/G,12.58869
NA12286,A/G,34.79575
NA20797,A/G,34.57705
NA12872,A/G,30.03549
HG00360,A/G,16.59638
NA20530,A/G,27.223
NA12348,A/G,24.35621
NA20538,G/G,17.34109
NA12760,A/G,22.86793
NA12763,A/G,23.19511
NA20814,G/G,28.23642
NA19222,A/A,35.69719
NA06989,A/A,32.42236
NA19171,G/G,19.99979
NA11829,A/G,33.74015
NA11992,A/G,24.08401
HG00141,G/G,25.55413
NA19150,A/G,26.39419
NA20828,A/G,32.33359
NA12749,A/A,28.91526
NA19190,G/G,24.45672
NA06985,A/G,11.36287
HG00178,A/G,21.16515
NA10851,G/G,23.53572
HG00371,A/A,19.14544
NA20541,A/G,17.21277
NA12004,A/A,22.85572
HG00116,G/G,22.48273
NA12272,G/G,14.66862
NA19096,G/G,33.95602
NA20800,A/G,22.73049
HG00102,A/A,31.17067
NA19236,G/G,18.26466
HG00264,A/G,25.57669
NA20521,A/A,27.87464
HG00345,G/G,16.06661
NA20509,A/A,27.9158
HG00329,A/A,16.8678
NA12830,A/G,11.9759
HG00359,A/A,23.66127
NA07051,A/G,25.35846
NA20516,A/G,33.32411
HG00128,A/G,22.09122
NA20534,A/G,25.19977
NA11892,A/A,28.03403
NA20804,A/A,36.51922
NA11994,A/G,30.83577
HG00156,G/G,17.32504
NA12843,A/G,23.63709
HG00180,A/G,19.66773
HG00282,G/G,19.14766
HG00343,G/G,12.57599
HG00139,G/G,22.28749
HG01789,A/G,24.6487
HG00321,A/G,17.03159
HG00306,A/A,27.43637
HG00232,G/G,17.29261
NA20528,A/G,22.27101
HG00122,G/G,24.18141
NA07037,A/A,35.63983
NA07056,A/G,15.92557
HG00151,A/G,32.5415
NA19129,A/A,38.85161
NA20517,A/G,22.40203
NA19149,G/G,16.07627
HG00341,A/G,27.41638
HG00274,A/G,31.99645
HG00106,A/G,30.05415
HG00189,G/G,14.80495
HG00252,A/G,20.01602
NA11832,A/G,34.47373
HG00323,A/A,22.44576
NA18916,A/A,37.06379
NA18867,A/G,28.75978
HG00100,A/A,35.67637
HG00126,G/G,23.46573
NA20813,A/G,29.91249
NA20504,A/G,15.71646
NA20532,A/G,21.7661
NA12812,A/G,9.62656
HG00244,A/G,28.53965
HG00265,G/G,28.97074
HG00378,G/G,27.78837
NA20790,A/A,50.16704
NA20512,A/A,37.94544
HG00268,A/A,29.15536
HG00380,A/A,28.85309
NA12761,A/A,38.57101
HG00384,A/G,29.49417
NA20796,G/G,23.92355
NA12399,G/G,9.55902
HG00310,A/G,29.5552
HG00096,A/A,30.89365
NA19147,A/G,19.44178
NA20752,A/G,21.43751
NA19107,A/G,30.40382
HG00099,G/G,12.35836
NA07048,A/A,39.31537
NA19114,G/G,22.5391
HG00376,A/A,31.43743
NA19092,A/A,35.26739
HG00130,A/G,28.50982
HG00158,A/A,22.37043
HG00269,A/A,28.46943
NA19210,G/G,21.98118
HG00258,A/A,30.15636
NA19256,A/G,21.48847
HG00276,G/G,16.40569
HG00331,A/G,31.10134
NA12751,A/G,35.99067
HG00181,G/G,25.21931
HG00346,G/G,24.32857
NA11920,A/G,26.42877
HG00326,A/G,26.28329
NA12347,A/A,35.88457
NA12716,A/G,20.72639
HG00142,G/G,19.42882
HG00309,A/G,21.0914
HG00315,G/G,26.56993
HG00338,A/G,23.79292
NA11995,A/A,32.59723
NA19209,A/A,36.02549
NA20540,A/A,23.86454
NA12890,A/A,28.38114
HG00250,G/G,13.34557
NA20769,G/G,16.60507
HG00138,A/A,25.14243
NA19200,A/A,51.3017
NA19144,G/G,24.85165
NA12815,G/G,21.56943
NA12043,A/G,18.79569
HG00350,A/G,29.54042
NA12383,A/A,28.14811
NA19201,A/G,18.787
HG00187,A/G,21.41071
NA06984,A/A,29.1839
NA20508,A/G,21.29782
NA19175,G/G,23.95528
NA20815,A/G,33.91853
NA12044,A/G,27.20808
NA18519,G/G,16.18962
NA20799,A/G,17.14895
NA20535,G/G,22.5372
NA19141,A/G,28.72738
HG00260,G/G,26.04123
HG00372,G/G,6.67482
NA07347,A/G,37.7384
NA07357,A/A,27.0976
NA20543,A/G,34.14567
HG00261,G/G,20.07363
HG00273,G/G,19.76527
NA12341,A/G,15.36874
HG00245,A/G,29.5035
NA19198,A/G,25.704
NA20757,A/G,20.07219
NA11930,A/A,33.89656
HG00358,G/G,18.50772
NA18933,A/G,24.53928
HG00242,A/G,17.84487
NA20773,A/G,23.35766
NA12282,A/G,15.71243
NA19131,A/A,33.48253
NA18499,A/A,15.43178
HG00117,A/A,29.45277
NA19121,G/G,20.14146
NA20515,G/G,18.07151
HG00355,A/G,19.89034
NA12775,A/G,25.37234
NA12005,A/G,16.12745
NA11893,A/G,24.18529
NA20808,A/G,21.97051
NA10847,G/G,6.9439
NA19102,A/G,13.08172
NA12400,G/G,22.14277
NA18487,A/G,32.00764
NA19093,A/G,30.59653
HG00342,G/G,14.23742
NA19160,A/G,29.74443
NA19095,A/G,27.88354
HG00160,A/A,26.80283
NA20766,A/G,11.12451
NA12717,A/G,7.07505
HG00125,A/G,23.13726
HG00171,A/G,21.09331
NA12873,A/G,8.20002
NA20525,A/G,20.62572
NA20826,A/G,18.24345
HG00136,G/G,19.85388
HG00272,A/G,11.13478
NA12340,A/A,43.51943
HG00251,A/G,24.43943
HG00369,A/G,22.24289
NA20803,A/G,24.67325
NA12842,A/G,41.03924
HG00146,A/A,45.80808
HG01790,A/G,33.31795
NA20809,A/G,27.98844
NA20765,G/G,27.73467
HG00362,A/A,26.55972
HG00114,A/G,31.57994
NA18917,A/A,24.8733
NA18502,G/G,19.02064
HG00150,A/G,36.73337
NA20527,A/A,29.99549
HG00179,A/G,18.45322
NA20805,A/A,26.68589
NA19117,A/G,23.60431
HG00285,A/G,24.33489
NA20772,G/G,14.49816
NA19213,A/G,35.74662
HG00344,A/G,22.75684
NA12156,A/A,39.37193
HG00257,G/G,26.7894
NA18486,G/G,20.84709
HG00188,G/G,10.77316
HG00366,A/G,34.42403
HG00157,A/A,38.39523
HG00262,A/A,41.23635
HG00280,G/G,12.82128
HG00308,G/G,16.90256
NA11831,A/G,25.34866
NA18910,G/G,29.60045
NA20795,A/G,25.06486
HG00231,A/G,36.78028
NA19197,A/G,30.67131
HG00101,A/A,27.13936
HG00281,G/G,14.81945
NA20760,A/A,36.55643
HG00176,A/A,28.34688
NA18489,A/G,37.8286
NA12275,G/G,17.46326
NA20514,A/A,15.42908
HG00351,G/G,23.26922
HG00186,G/G,21.39806
NA20586,A/G,25.44086
HG00275,G/G,18.0632
HG00325,G/G,15.91528
NA19118,G/G,24.80823
HG00124,G/G,26.04514
NA20785,A/A,47.50579
HG02215,G/G,18.28089
HG00253,A/A,30.15754
HG00134,G/G,23.24907
HG00339,A/A,34.88439
NA20519,A/G,29.49548
NA12778,A/G,23.27255
NA18861,A/A,29.29955
NA20539,A/A,32.87767
NA11931,G/G,17.91118
NA20812,A/G,28.69506
HG00120,G/G,21.09502
HG00103,A/G,26.52036
HG00328,A/G,27.49975
NA20774,A/G,24.66196
NA18873,A/G,25.81562
NA20502,A/G,22.49429
HG00143,A/G,26.88264
HG00145,A/A,43.43665
NA19225,A/A,26.5605
NA12829,A/G,28.982
HG00137,A/G,34.31875
NA20524,A/G,26.40231
HG00379,A/A,21.87746
NA18505,A/G,21.67621
HG01334,A/G,27.56805
NA18907,A/A,33.42582
NA19204,A/A,25.38406
NA12874,A/G,16.16277
NA20506,A/G,18.28963
NA20770,A/A,18.20442
NA12776,A/G,30.55183
NA18934,A/G,20.70871
NA19153,A/G,17.66476
HG00356,A/G,22.79543
NA12283,A/G,24.03419
HG00284,A/G,18.02351
NA12489,A/G,21.63102
HG00104,A/A,21.62336
NA20582,G/G,24.74366
NA11840,A/G,27.54976
HG00383,A/G,14.79717
NA20786,A/A,35.80093
NA20802,A/G,25.34921
NA20756,A/A,32.26844
NA19113,A/G,21.34916
NA12889,G/G,27.40521
NA12718,A/G,21.2008
HG00266,A/G,28.36006
NA12287,A/G,22.43773
HG00319,A/G,25.56306
NA12762,A/A,34.40756
HG00334,A/G,19.50634
NA12006,G/G,24.85772
NA19108,G/G,23.08482
NA19185,A/G,28.93651
HG00246,A/G,31.79897
NA12045,A/G,30.80067
NA19257,A/G,33.95134
NA12413,A/G,39.43243
HG00159,A/A,23.99631
NA20811,A/A,11.39643
HG00149,A/G,23.91465
NA19223,A/G,20.9756
NA07346,G/G,16.56929
NA20536,A/G,20.02507
HG01791,A/A,35.24632
HG00271,A/G,33.4417
HG00373,A/G,17.32813
HG00182,A/A,23.38376
HG00110,A/G,32.61856
NA20819,A/G,36.77906
HG00154,G/G,16.69044
HG00330,A/G,16.84776
NA12750,A/A,34.94395
HG00233,G/G,25.0888
HG00131,G/G,32.78519
HG00108,A/A,31.92036
HG00119,A/G,31.53069
NA19130,A/A,44.27738
HG00239,A/G,23.1825